distance_band,proportion_in_distance_band,all,trimode,walk_base,cycle_base,drive_base,other_base,walk_goactive,cycle_goactive,drive_goactive,other_goactive,percent_walk_base,percent_cycle_base,percent_drive_base,percent_other_base,percent_walk_goactive,percent_cycle_goactive,percent_drive_goactive,percent_other_goactive
0-3,15,220.93554500000002,194.827947,20.559732999999998,8.811315,165.4569,26.107598000000024,57,101,39,25,9,4,75,12,26,46,18,11
3-6,33,488.212076,417.395217,12.727455,12.727455,391.94031,70.81685900000002,33,203,184.65269,71.326345,3,3,80,15,7,42,38,15
6-10,12,178.18435300000002,157.298274,2.61076,1.30538,153.382134,20.886079000000024,0.326345,39.326345,118.685523,20.895174999999995,1,1,86,12,0,22,67,12
10-15,5,71.143204,65.268995,0.326345,0,64.94265,5.874208999999993,0,6,60.895175,5,0,0,91,8,0,8,86,7
15-20,6,81.25989799999999,75.712034,0.326345,0.65269,74.732999,5.54786399999999,0.326345,0.65269,74.732999,5.54786399999999,0,1,92,7,0,1,92,7
20-30,13,185.0376,174.594562,1.95807,0,172.636492,10.443038000000001,1.95807,0,172.636492,10.443038000000001,1,0,93,6,1,0,93,6
30+,16,233.336673,186.995685,0.979035,0,186.01665,46.34098799999998,0.979035,0,186.01665,46.34098799999998,0,0,80,20,0,0,80,20
