distance_band,proportion_in_distance_band,all,trimode,walk_base,cycle_base,drive_base,other_base,walk_goactive,cycle_goactive,drive_goactive,other_goactive,percent_walk_base,percent_cycle_base,percent_drive_base,percent_other_base,percent_walk_goactive,percent_cycle_goactive,percent_drive_goactive,percent_other_goactive
0-3,0,0,0,0,0,0,0,0,0,0,0,NA,NA,NA,NA,NA,NA,NA,NA
3-6,34,1410.46262,1239.238542,192.07172,67.669396,979.497425,171.22407799999996,26,426,790,171,14,5,69,12,2,30,56,12
6-10,25,1059.812111,865.34804,29.733524,37.252346,798.362172,194.464071,0,238,632,193,3,4,75,18,0,22,60,18
10-15,7,290.841699,265.551117,7.177057,3.417647,254.956412,25.29058200000003,2.392352,19.341765,245.847643,25.68353000000002,2,1,88,9,1,7,85,9
15-20,8,341.081098,309.63875,4.784705,2.7341170000000004,302.119928,31.44234799999998,0.683529,7.683529,304.9082,27.328823,1,1,89,9,0,2,89,8
20-30,12,523.241651,480.521067,3.759412,1.36706,475.394597,42.72058400000003,3.759412,1.36706,475.394597,42.72058400000003,1,0,91,8,1,0,91,8
30+,14,571.430581,393.71297599999997,11.961769,3.075885,378.67533,177.717605,11.961769,3.075885,378.67533,177.717605,2,1,66,31,2,1,66,31
