distance_band,proportion_in_distance_band,all,trimode,walk_base,cycle_base,drive_base,other_base,walk_goactive,cycle_goactive,drive_goactive,other_goactive,percent_walk_base,percent_cycle_base,percent_drive_base,percent_other_base,percent_walk_goactive,percent_cycle_goactive,percent_drive_goactive,percent_other_goactive
0-3,30,896.069364,793.699422,185.861272,82.693641,525.144508,102.36994199999992,304,347,146,101,21,9,59,11,34,39,16,11
3-6,6,171.768786,148.901734,5.317919,7.445087,136.138728,22.867052,0,59,90,23,3,4,79,13,0,34,52,13
6-10,17,521.421966,466.115608,30.843930999999998,15.421966,419.849712,55.30635799999999,0,99,370.595376,53.265896,6,3,81,11,0,19,71,10
10-15,9,283.445086,260.046243,26.589595,11.965318,221.49133,23.398843,0,30.265896,234.549133,20.329480000000046,9,4,78,8,0,11,83,7
15-20,12,357.364161,286.635838,8.774567,4.254336,273.606936,70.72832300000005,2.127168,12.063584,275.728324,68.31791799999996,2,1,77,20,1,3,77,19
20-30,13,391.398852,326.25434,8.774568,6.913296000000001,310.566479,65.14451199999996,8.774568,6.913296000000001,310.566479,65.14451199999996,2,2,79,17,2,2,79,17
30+,13,406.554958,251.537608,10.635840000000002,5.052024,235.84974400000002,155.01735,10.635840000000002,5.052024,235.84974400000002,155.01735,3,1,58,38,3,1,58,38
