distance_band,proportion_in_distance_band,all,trimode,walk_base,cycle_base,drive_base,other_base,walk_goactive,cycle_goactive,drive_goactive,other_goactive,percent_walk_base,percent_cycle_base,percent_drive_base,percent_other_base,percent_walk_goactive,percent_cycle_goactive,percent_drive_goactive,percent_other_goactive
0-3,15,146.668714,132.68008,71.638765,7.206266,53.835048,13.98863399999999,112,21,0,14,49,5,37,10,76,14,0,10
3-6,7,69.943173,47.05268,1.271694,1.695592,44.085394,22.890493,3,22,22,23,2,2,63,33,4,31,31,33
6-10,23,221.274766,186.515129,12.293042,2.11949,172.102596,34.759637,0,38,148,36,6,1,78,16,0,17,67,16
10-15,29,277.229302,218.307477,10.173552,3.815082,204.31884300000002,58.92182500000001,3.815082,22.423898,194.487942,56.78236900000002,4,1,74,21,1,8,70,20
15-20,9,85.627398,76.725539,0.847796,0.423898,75.453845,8.901859000000002,0.847796,2,73.900474,9.206266,1,0,88,10,1,2,86,11
20-30,6,61.041312,55.530637999999996,0.423898,0,55.10674,5.510674000000002,0.423898,0,55.10674,5.510674000000002,1,0,90,9,1,0,90,9
30+,10,99.61603,75.877742,2.967286,0.423898,72.486558,23.738287999999997,2.967286,0.423898,72.486558,23.738287999999997,3,0,73,24,3,0,73,24
