distance_band,proportion_in_distance_band,all,trimode,walk_base,cycle_base,drive_base,other_base,walk_goactive,cycle_goactive,drive_goactive,other_goactive,percent_walk_base,percent_cycle_base,percent_drive_base,percent_other_base,percent_walk_goactive,percent_cycle_goactive,percent_drive_goactive,percent_other_goactive
0-3,22,1307.251382,1164.29558,259.703039,117.938536,786.654005,142.95580199999995,357,544,265,142,20,9,60,11,27,42,20,11
3-6,11,649.654696,531.71616,143.352901,36.930249,351.433011,117.938536,170,221,141,118,22,6,54,18,26,34,22,18
6-10,9,514.243784,439.98618799999997,36.533149,19.457873,383.995165,74.25759600000004,0,120,321,73,7,4,75,14,0,23,62,14
10-15,10,587.707182,525.759669,19.060773,9.133286,497.565608,61.94751299999996,0,43,485.162293,61,3,2,85,11,0,7,83,10
15-20,23,1378.729281,1094.406075,21.046269,24.620163,1048.739641,284.3232059999998,1.985497,52.794198,1039.584943,285.89848200000006,2,2,76,21,0,4,75,21
20-30,10,607.165059,552.365332,10.721682,4.76519,536.878455,54.799727000000075,10.721682,4.76519,536.878455,54.799727000000075,2,1,88,9,2,1,88,9
30+,15,867.662122,692.54128,16.678165,5.956486,669.906615,175.12084199999993,16.678165,5.956486,669.906615,175.12084199999993,2,1,77,20,2,1,77,20
