distance_band,proportion_in_distance_band,all,trimode,walk_base,cycle_base,drive_base,other_base,walk_goactive,cycle_goactive,drive_goactive,other_goactive,percent_walk_base,percent_cycle_base,percent_drive_base,percent_other_base,percent_walk_goactive,percent_cycle_goactive,percent_drive_goactive,percent_other_goactive
0-3,25,54.467329,42.390315,16.907817,0.966161,24.516334999999998,12.077013999999998,20.534422,4.644107,19.189614,9.890315999999999,31,2,45,22,38,9,35,18
3-6,28,60.385066,42.994165,8.373397,0.603851,34.016918000000004,17.390901,8.373397,0.603851,34.016918000000004,17.390901,14,1,56,29,14,1,56,29
6-10,20,42.8734,32.688445,1.328474,0.362311,30.997663,10.184954999999995,1.328474,0.362311,30.997663,10.184954999999995,3,1,72,24,3,1,72,24
10-15,17,37.277714,24.596847,0.764879,0.60385200000000006,23.228121,12.680867000000003,0.764879,0.60385200000000006,23.228121,12.680867000000003,2,2,62,34,2,2,62,34
15-20,3,6.883898,5.313886,0.20128400000000002,0.161028,4.951574,1.5700120000000002,0.20128400000000002,0.161028,4.951574,1.5700120000000002,3,2,72,23,3,2,72,23
20-30,2,5.15286,4.629526,0.241541,0.080514,4.307472,0.5233340000000002,0.241541,0.080514,4.307472,0.5233340000000002,5,2,84,10,5,2,84,10
30+,4,9.098048,6.9241790000000005,0.322056,0.080514,6.521611,2.173869,0.322056,0.080514,6.521611,2.173869,4,1,72,24,4,1,72,24
