distance_band,proportion_in_distance_band,all,trimode,walk_base,cycle_base,drive_base,other_base,walk_goactive,cycle_goactive,drive_goactive,other_goactive,percent_walk_base,percent_cycle_base,percent_drive_base,percent_other_base,percent_walk_goactive,percent_cycle_goactive,percent_drive_goactive,percent_other_goactive
0-3,34,796.637258,676.2334500000001,78.10678,25.170624,572.956048,120.40380799999991,211,338,130,118,10,3,72,15,26,42,16,15
3-6,10,222.643248,195.656187,5.968293,6.487275,183.20062,26.98706100000001,9,91,102,21,3,3,82,12,4,41,46,9
6-10,17,403.76794,367.179715,1.816437,6.227784000000001,359.135495,36.58822500000002,0,92.259491,277.911134,34.81643700000001,0,2,89,9,0,23,69,9
10-15,5,119.884828,115.21399100000001,2.3354190000000004,1.2974550000000002,111.58111699999999,4.670836999999992,0,10.518982,105.493106,5.0759279999999904,2,1,93,4,0,9,88,4
15-20,7,152.580695,144.536476,0.7784730000000001,1.037964,142.720039,8.044218999999998,0.259491,3.037964,141.657052,7.525237000000004,1,1,94,5,0,2,93,5
20-30,18,415.704541,361.989912,3.3733830000000005,2.075928,356.540602,53.714629,3.3733830000000005,2.075928,356.540602,53.714629,1,0,86,13,1,0,86,13
30+,9,216.93447600000002,197.732142,7.265748,1.037964,189.42843000000002,19.202334000000008,7.265748,1.037964,189.42843000000002,19.202334000000008,3,0,87,9,3,0,87,9
