distance_band,proportion_in_distance_band,all,trimode,walk_base,cycle_base,drive_base,other_base,walk_goactive,cycle_goactive,drive_goactive,other_goactive,percent_walk_base,percent_cycle_base,percent_drive_base,percent_other_base,percent_walk_goactive,percent_cycle_goactive,percent_drive_goactive,percent_other_goactive
0-3,64,1168.216663,980.722214,668.854889,64.524276,247.343052,187.49444899999992,834,137,16,183,57,6,21,16,71,12,1,16
3-6,1,15.897285,14.027016,1.870269,2.337836,9.818911,1.8702690000000004,3,7,4,2,12,15,62,12,19,44,25,13
6-10,4,68.96616399999999,50.964825999999995,5.1432389999999995,4.208105,41.613481,18.001337999999997,1.636485,15,37.571619,14.636484999999993,7,6,60,26,2,22,54,21
10-15,6,107.306675,94.448577,5.844593,3.506755,85.09723,12.858097999999998,4.208107,9.636486,83.990503,10.078373999999997,5,3,79,12,4,9,78,9
15-20,11,204.794437,102.397222,4.909459,5.143242,92.344526,102.39721499999999,3.9743239999999997,7.16892,92.718874,100.28781299999999,2,3,45,50,2,4,45,49
20-30,4,65.459405,55.640495,2.571622,0,53.068877,9.818910000000002,2.571622,0,53.068877,9.818910000000002,4,0,81,15,4,0,81,15
30+,10,182.58507699999998,109.410805,18.235139,4.675679,86.500004,73.17427199999999,18.235139,4.675679,86.500004,73.17427199999999,10,3,47,40,10,3,47,40
