distance_band,proportion_in_distance_band,all,trimode,walk_base,cycle_base,drive_base,other_base,walk_goactive,cycle_goactive,drive_goactive,other_goactive,percent_walk_base,percent_cycle_base,percent_drive_base,percent_other_base,percent_walk_goactive,percent_cycle_goactive,percent_drive_goactive,percent_other_goactive
0-3,8,519.496126,425.042285,162.764208,19.396771,242.881306,94.45384100000001,225,128,69,97,31,4,47,18,43,25,13,19
3-6,25,1586.31853,1187.419718,123.97066600000001,31.203502,1032.24555,398.8988119999999,162,470.843338,553.336745,396.84333800000013,8,2,65,25,10,30,35,25
6-10,12,786.834233,623.226684,18.553433,11.80673,592.866523,163.60754900000006,0,173,446.903366,164.68667500000004,2,2,75,21,0,22,57,21
10-15,9,602.986577,510.219411,6.746703,2.530014,500.942695,92.76716600000003,0.843338,51,454.070261,92.963391,1,0,83,15,0,8,75,15
15-20,8,527.92951,462.992498,5.903366,0.843338,456.245795,64.93701200000004,5.060028,9.843338,445.361532,66.36016099999995,1,0,86,12,1,2,84,13
20-30,21,1377.170754,538.892918,6.746704,0.843338,531.302878,838.277836,6.746704,0.843338,531.302878,838.277836,0,0,39,61,0,0,39,61
30+,16,1054.172382,392.99548500000003,10.963394000000001,3.373352,378.65874,661.1768969999999,10.963394000000001,3.373352,378.65874,661.1768969999999,1,0,36,63,1,0,36,63
