distance_band,proportion_in_distance_band,all,trimode,walk_base,cycle_base,drive_base,other_base,walk_goactive,cycle_goactive,drive_goactive,other_goactive,percent_walk_base,percent_cycle_base,percent_drive_base,percent_other_base,percent_walk_goactive,percent_cycle_goactive,percent_drive_goactive,percent_other_goactive
0-3,0,0,0,0,0,0,0,0,0,0,0,NA,NA,NA,NA,NA,NA,NA,NA
3-6,7,201.237906,188.660537,39.667087,5.80494,143.18851,12.577369000000004,0,47,142,12,20,3,71,6,0,23,71,6
6-10,40,1155.182982,991.677183,85.62286,30.959679,875.094646,163.50579900000002,0,194,795,166,7,3,76,14,0,17,69,14
10-15,11,333.30028,307.17805400000003,4.353705,0.96749,301.85686,26.122225999999955,0,19,290.223664,25.451234999999997,1,0,91,8,0,6,87,8
15-20,8,238.486268,225.908899,5.80494,2.418725,217.68523399999998,12.577369000000004,2.90247,7,215.663181,12.353703999999993,2,1,91,5,1,3,90,5
20-30,13,370.064901,345.877653,4.353705,1.93498,339.58896799999997,24.18724800000001,4.353705,1.93498,339.58896799999997,24.18724800000001,1,1,92,7,1,1,92,7
30+,21,615.807376,534.538218,9.191155,0.96749,524.3795729999999,81.26915799999995,9.191155,0.96749,524.3795729999999,81.26915799999995,1,0,85,13,1,0,85,13
