distance_band,proportion_in_distance_band,all,trimode,walk_base,cycle_base,drive_base,other_base,walk_goactive,cycle_goactive,drive_goactive,other_goactive,percent_walk_base,percent_cycle_base,percent_drive_base,percent_other_base,percent_walk_goactive,percent_cycle_goactive,percent_drive_goactive,percent_other_goactive
0-3,0,0,0,0,0,0,0,0,0,0,0,NA,NA,NA,NA,NA,NA,NA,NA
3-6,14,199.263003,167.460812,34.721233,8.757125,123.982455,31.802190999999993,0,16,152,31,17,4,62,16,0,8,76,16
6-10,20,271.009976,234.13786900000002,33.338528,8.449857,192.349483,36.87210699999997,1.997239,34,200.061632,36.76540899999998,12,3,71,14,1,13,74,14
10-15,15,214.165478,195.729424,59.456271,6.606252,129.666904,18.436054000000013,1.536339,9,185.844496,17.913521000000003,28,3,61,9,1,4,87,8
15-20,14,198.648469,179.905148,4.301747000000001,1.382705,174.220697,18.74332100000001,2.611775,5.460902,171.299874,20.838086000000004,2,1,88,9,1,3,86,10
20-30,16,219.696299,206.022889,4.148112,1.53634,200.338439,13.673410000000018,4.148112,1.53634,200.338439,13.673410000000018,2,1,91,6,2,1,91,6
30+,20,281.918088,239.20789,8.1426,2.150875,228.91443,42.71019800000002,8.1426,2.150875,228.91443,42.71019800000002,3,1,81,15,3,1,81,15
