distance_band,proportion_in_distance_band,all,trimode,walk_base,cycle_base,drive_base,other_base,walk_goactive,cycle_goactive,drive_goactive,other_goactive,percent_walk_base,percent_cycle_base,percent_drive_base,percent_other_base,percent_walk_goactive,percent_cycle_goactive,percent_drive_goactive,percent_other_goactive
0-3,35,218.22591,197.562487,54.934466,21.041413,121.586608,20.663422999999995,106,86,9,18,25,10,56,9,49,39,4,8
3-6,0,0,0,0,0,0,0,0,0,0,0,NA,NA,NA,NA,NA,NA,NA,NA
6-10,28,173.11917,153.967704,3.527899,3.086912,147.352888,19.151466,0.188994,34,124.913863,15.944974000000002,2,2,85,11,0,20,72,9
10-15,13,81.015739,74.085934,1.385958,1.574955,71.125016,6.929805000000002,0.755977,4.881974,69.846776,6.031887000000012,2,2,88,9,1,6,86,7
15-20,8,47.122683,40.192875,0.818976,0.377988,38.995909,6.929808000000001,0.818976,0.377988,38.995909,6.929808000000001,2,1,83,15,2,1,83,15
20-30,4,24.758307,23.057353,0.503985,0.31499,22.238375,1.7009539999999994,0.503985,0.31499,22.238375,1.7009539999999994,2,1,90,7,2,1,90,7
30+,12,76.857762,66.589059,4.283867,1.322959,60.982225,10.268702999999988,4.283867,1.322959,60.982225,10.268702999999988,6,2,79,13,6,2,79,13
