active_trends,walk_trends,cycle_trends,drive_trends
0.07998483699772554,0.06034687574245664,0.012901527119536599,0.534043659043659
0.11421435059037238,0.08775222900046926,0.020975056689342405,0.6595794392523364
0.1700652528548124,0.13323201621073963,0.036372695565520675,0.7443628736234924
