distance_band,proportion_in_distance_band,all,trimode,walk_base,cycle_base,drive_base,other_base,walk_goactive,cycle_goactive,drive_goactive,other_goactive,percent_walk_base,percent_cycle_base,percent_drive_base,percent_other_base,percent_walk_goactive,percent_cycle_goactive,percent_drive_goactive,percent_other_goactive
0-3,16,645.346221,496.578015,130.984422,19.493766,346.099828,148.76820600000002,222,198,79,147,20,3,54,23,34,31,12,23
3-6,21,863.539588,627.90443,98.15282,24.281709,505.469906,235.63515799999993,89,246,300.025988,230,11,3,59,27,10,28,35,27
6-10,41,1650.472105,1019.4897119999999,37.619552,40.697511,941.172657,630.9823930000001,0.683992,278.341996,744.705825,629.1039499999999,2,2,57,38,0,17,45,38
10-15,9,358.753677,301.29837100000003,3.077964,4.4459480000000005,293.774464,57.45530599999995,1.367984,29.367984,271.130989,60.51975299999998,1,1,82,16,0,8,76,17
15-20,4,164.842015,145.690246,2.0519760000000002,0.341996,143.296274,19.151769,1.0259880000000001,3.341996,142.204794,18.70582300000001,1,0,87,12,1,2,86,11
20-30,3,138.508332,114.22663,0.683992,0,113.542638,24.281701999999996,0.683992,0,113.542638,24.281701999999996,0,0,82,18,0,0,82,18
30+,5,212.72147900000002,158.68612000000002,11.285868,1.70998,145.690272,54.035359,11.285868,1.70998,145.690272,54.035359,5,1,68,25,5,1,68,25
