distance_band,proportion_in_distance_band,all,trimode,walk_base,cycle_base,drive_base,other_base,walk_goactive,cycle_goactive,drive_goactive,other_goactive,percent_walk_base,percent_cycle_base,percent_drive_base,percent_other_base,percent_walk_goactive,percent_cycle_goactive,percent_drive_goactive,percent_other_goactive
0-3,19,508.385456,404.303585,134.893111,45.465365999999996,223.945109,104.08187099999998,247,148,9,105,27,9,44,20,49,29,2,21
3-6,37,1002.8682789999999,831.903473,316.754573,61.622479,453.526419,170.96480599999995,351,296,189,168,32,6,45,17,35,30,19,17
6-10,12,322.390777,269.786222,18.787342,27.805266,223.193615,52.604555000000005,2.254481,79,188.508962,52.88470899999999,6,9,69,16,1,25,58,16
10-15,5,130.008402,110.469568,3.005975,2.2544809999999997,105.209112,19.538833999999994,0,14,97,18,2,2,81,15,0,11,75,14
15-20,1,38.326177,34.192963,3.0059750000000003,1.127241,30.059746,4.133214000000002,2.254481,1.751494,30.538835,3.878732999999997,8,3,78,11,6,5,80,10
20-30,10,279.179893,213.424193,9.017927,1.502988,202.90328,65.75569999999999,9.017927,1.502988,202.90328,65.75569999999999,3,1,73,24,3,1,73,24
30+,15,409.93984,311.118416,31.938492,5.260458,273.919476,98.82142399999998,31.938492,5.260458,273.919476,98.82142399999998,8,1,67,24,8,1,67,24
