distance_band,proportion_in_distance_band,all,trimode,walk_base,cycle_base,drive_base,other_base,walk_goactive,cycle_goactive,drive_goactive,other_goactive,percent_walk_base,percent_cycle_base,percent_drive_base,percent_other_base,percent_walk_goactive,percent_cycle_goactive,percent_drive_goactive,percent_other_goactive
0-3,49,918.5587909999999,839.05916,351.803355,38.00129,449.25451599999997,79.49963099999991,585,233,23,78,38,4,49,9,64,25,3,8
3-6,10,190.705861,173.920015,33.338555,6.294692,134.286767,16.785845999999992,0,60,115,16,17,3,70,9,0,31,60,8
6-10,3,60.382418,49.191854,4.895872,0.69941,43.596571,11.190564000000002,0,14,36,11,8,1,72,19,0,23,60,18
10-15,6,116.801511,97.218023,2.5645040000000003,1.865094,92.788425,19.583488000000003,0.233137,11,87.687614,18.165684,2,2,79,17,0,9,75,16
15-20,6,105.844083,96.518614,3.263914,2.098231,91.156469,9.325468999999998,0.932547,6.466274,90.417803,8.030777,3,2,86,9,1,6,85,8
20-30,12,218.215995,202.595835,9.325469,1.865094,191.40527,15.620159999999998,9.325469,1.865094,191.40527,15.620159999999998,4,1,88,7,4,1,88,7
30+,14,261.113176,225.21011000000001,17.485263,6.061562,201.663299,35.903065999999995,17.485263,6.061562,201.663299,35.903065999999995,7,2,77,14,7,2,77,14
