distance_band,proportion_in_distance_band,all,trimode,walk_base,cycle_base,drive_base,other_base,walk_goactive,cycle_goactive,drive_goactive,other_goactive,percent_walk_base,percent_cycle_base,percent_drive_base,percent_other_base,percent_walk_goactive,percent_cycle_goactive,percent_drive_goactive,percent_other_goactive
0-3,21,905.573313,829.764283,187.45505400000002,91.660009,550.649221,75.80903,280,393,154,77,21,10,61,8,31,43,17,9
3-6,50,2164.692369,1886.9556539999999,343.89732399999997,279.115062,1263.943268,277.736715,368,848,668,281,16,13,58,13,17,39,31,13
6-10,2,97.17339199999999,84.079106,0.689173,0.689173,82.70076,13.094285999999997,0,22,62,12,1,1,85,13,0,23,64,12
10-15,9,376.977627,341.140632,4.824211,10.337595,325.97882599999997,35.836995,0,44,296,36,1,3,86,10,0,12,79,10
15-20,3,128.186178,113.713545,2.756692,1.378346,109.578507,14.472633000000016,0,3.6891730000000003,110.336397,13.513384000000002,2,1,85,11,0,3,86,11
20-30,4,170.225731,156.442271,4.824211,2.756692,148.861368,13.783459999999991,4.824211,2.756692,148.861368,13.783459999999991,3,2,87,8,3,2,87,8
30+,12,528.595691,442.449066,15.850979,6.891730000000001,419.706357,86.14662499999997,15.850979,6.891730000000001,419.706357,86.14662499999997,3,1,79,16,3,1,79,16
