distance_band,proportion_in_distance_band,all,trimode,walk_base,cycle_base,drive_base,other_base,walk_goactive,cycle_goactive,drive_goactive,other_goactive,percent_walk_base,percent_cycle_base,percent_drive_base,percent_other_base,percent_walk_goactive,percent_cycle_goactive,percent_drive_goactive,percent_other_goactive
0-3,56,308.33189699999997,243.843186,182.46511,6.221262,55.156813,64.48871099999997,211.146409,21.820857,15.47729,61.44252800000001,59,2,18,21,68,7,5,20
3-6,15,84.442276,48.176859,10.925143,2.731284,34.520429,36.26541700000001,12.524737,5.427808,31.651106,34.547833000000004,13,3,41,43,15,6,37,41
6-10,8,44.383403,27.312861,3.717582,0.910428,22.684847,17.070542,3.717582,0.910428,22.684847,17.070542,8,2,51,38,8,2,51,38
10-15,7,39.52778,23.974622,1.8967250000000002,0.151738,21.926157,15.553158,1.8967250000000002,0.151738,21.926157,15.553158,5,0,55,39,5,0,55,39
15-20,3,18.739654,11.001008,0.5310830000000001,0.075869,10.394056,7.738646000000001,0.5310830000000001,0.075869,10.394056,7.738646000000001,3,0,55,41,3,0,55,41
20-30,3,16.463581,11.456221000000001,0.834559,0.151738,10.469924,5.00736,0.834559,0.151738,10.469924,5.00736,5,1,64,30,5,1,64,30
30+,7,38.010373,23.898735000000002,4.7038780000000004,0.303476,18.891381000000003,14.111638,4.7038780000000004,0.303476,18.891381000000003,14.111638,12,1,50,37,12,1,50,37
