distance_band,proportion_in_distance_band,all,trimode,walk_base,cycle_base,drive_base,other_base,walk_goactive,cycle_goactive,drive_goactive,other_goactive,percent_walk_base,percent_cycle_base,percent_drive_base,percent_other_base,percent_walk_goactive,percent_cycle_goactive,percent_drive_goactive,percent_other_goactive
0-3,71,593.691615,541.683365,249.07465100000002,79.258578,213.350135,52.008249999999975,352,162,31,51,42,13,36,9,59,27,5,9
3-6,1,8.308027,6.812582,0.332321,1.163124,5.317137,1.4954449999999992,0.332321,1.163124,5.317137,1.4954449999999992,4,14,64,18,4,14,64,18
6-10,1,5.150977,4.652495,0.166161,0,4.486335,0.4984820000000001,0.166161,0,4.486335,0.4984820000000001,3,0,87,10,3,0,87,10
10-15,10,87.234285,71.449033,2.160089,1.661608,67.62734,15.785252,0.664643,8.664643,62.606944,15.990890000000007,2,2,78,18,1,10,72,18
15-20,3,28.745775000000002,25.256401999999998,1.661607,0.996964,22.597834,3.489373000000004,1.661607,0.996964,22.597834,3.489373000000004,6,3,79,12,6,3,79,12
20-30,3,21.933193,19.440787,0.332321,0.332321,18.776145,2.492405999999999,0.332321,0.332321,18.776145,2.492405999999999,2,2,86,11,2,2,86,11
30+,11,93.382279,71.615246,5.81563,0.996966,64.802657,21.767032999999998,5.81563,0.996966,64.802657,21.767032999999998,6,1,69,23,6,1,69,23
