distance_band,proportion_in_distance_band,all,trimode,walk_base,cycle_base,drive_base,other_base,walk_goactive,cycle_goactive,drive_goactive,other_goactive,percent_walk_base,percent_cycle_base,percent_drive_base,percent_other_base,percent_walk_goactive,percent_cycle_goactive,percent_drive_goactive,percent_other_goactive
0-3,15,264.436246,242.297398,40.17791,7.3796170000000005,194.739872,22.138847999999996,81,115,47,21,15,3,74,8,31,43,18,8
3-6,17,293.95471399999997,252.546866,8.609553,4.099787,239.837527,41.40784799999997,13,115,127.459873,42.00000000000003,3,1,82,14,4,39,43,14
6-10,16,281.655351,261.156416,1.229937,3.2798309999999997,256.64665,20.498935000000017,0,63.409979,201.587888,21.049892999999997,0,1,91,7,0,23,72,7
10-15,26,453.846395,343.972111,2.049894,2.869852,339.052367,109.87428399999999,0.819958,30,318.993603,105.83948900000001,0,1,75,24,0,7,70,23
15-20,6,96.754966,90.605287,0,0,90.605287,6.149678999999992,0,1,89.485969,6.509765000000002,0,0,94,6,0,1,92,7
20-30,10,177.110796,161.941585,1.229936,0.409979,160.301671,15.16921099999999,1.229936,0.409979,160.301671,15.16921099999999,1,0,91,9,1,0,91,9
30+,9,161.941611,136.52293699999998,2.459874,0.409979,133.653085,25.41867400000001,2.459874,0.409979,133.653085,25.41867400000001,2,0,83,16,2,0,83,16
