distance_band,proportion_in_distance_band,all,trimode,walk_base,cycle_base,drive_base,other_base,walk_goactive,cycle_goactive,drive_goactive,other_goactive,percent_walk_base,percent_cycle_base,percent_drive_base,percent_other_base,percent_walk_goactive,percent_cycle_goactive,percent_drive_goactive,percent_other_goactive
0-3,31,669.872116,593.599549,175.758526,278.560682,139.280341,76.27256699999998,260,321,11,77,26,42,21,11,39,48,2,11
3-6,35,761.399198,679.157471,140.60682,338.915498,199.635155,82.24172699999997,168,433,73,85,18,45,26,11,22,57,10,11
6-10,10,212.23671,161.16725300000002,4.642678,37.804664,118.719909,51.06945699999997,1.326479,67,89.326479,53,2,18,56,24,1,32,42,25
10-15,3,72.95636999999999,65.660733,1.326479,2.652959,61.681294,7.295636999999999,1.326479,7.989719,55.233952,7.652957999999998,2,4,85,10,2,11,76,10
15-20,2,46.42678,37.141424,0,3.316199,33.825224,9.285356,0,3.652959,33.550149,8.622116000000005,0,7,73,20,0,8,72,19
20-30,4,86.221166,78.925528,3.979439,3.979439,70.966651,7.295637999999997,3.979439,3.979439,70.966651,7.295637999999997,5,5,82,8,5,5,82,8
30+,15,317.691844,147.902471,13.264795,6.6324000000000005,128.005278,169.789373,13.264795,6.6324000000000005,128.005278,169.789373,4,2,40,53,4,2,40,53
