distance_band,proportion_in_distance_band,all,trimode,walk_base,cycle_base,drive_base,other_base,walk_goactive,cycle_goactive,drive_goactive,other_goactive,percent_walk_base,percent_cycle_base,percent_drive_base,percent_other_base,percent_walk_goactive,percent_cycle_goactive,percent_drive_goactive,percent_other_goactive
0-3,42,986.928258,883.6638300000001,258.698908,48.674119,576.290807,103.26442799999995,358,362,166,103,26,5,58,10,36,37,17,10
3-6,8,196.847815,179.637078,12.908054,6.454026,160.274997,17.210736999999995,12,57,114,14,7,3,81,9,6,29,58,7
6-10,8,193.620803,171.031709,1.882425,6.722945,162.426339,22.58909399999999,0,51,121,22,1,3,84,12,0,26,62,11
10-15,15,339.105322,293.927134,5.916194,3.764851,284.246095,45.17818799999998,0.537836,19.268918,277.816107,44.151343,2,1,84,13,0,6,82,13
15-20,11,258.161071,212.713966,3.76485,2.42026,206.528859,45.44710499999999,1.613507,9.268918,202.329531,45.57160299999998,1,1,80,18,1,4,78,18
20-30,3,62.657845,57.817325,0.537836,0.537836,56.741653,4.840520000000005,0.537836,0.537836,56.741653,4.840520000000005,1,1,91,8,1,1,91,8
30+,13,299.036652,242.294988,15.866156,3.495934,222.932905,56.741664000000014,15.866156,3.495934,222.932905,56.741664000000014,5,1,75,19,5,1,75,19
