distance_band,proportion_in_distance_band,all,trimode,walk_base,cycle_base,drive_base,other_base,walk_goactive,cycle_goactive,drive_goactive,other_goactive,percent_walk_base,percent_cycle_base,percent_drive_base,percent_other_base,percent_walk_goactive,percent_cycle_goactive,percent_drive_goactive,percent_other_goactive
0-3,11,122.166458,110.238394,35.207026,35.784191,39.247177,11.928064000000006,41,58,11,12,29,29,32,10,34,47,9,10
3-6,45,487.319114,424.408196,68.105394,171.033042,185.26976200000001,62.91091800000004,84,263,82,58,14,35,38,13,17,54,17,12
6-10,16,169.87871,146.984524,2.885821,24.048515000000002,120.05018799999999,22.89418600000002,0.577164,52.731493,94.621497,22.30865800000001,2,14,71,13,0,31,56,13
10-15,6,65.796738,59.447929,1.346716,5.00209,53.099121,6.348809000000003,0.769552,8.92388,50.166875,5.693433999999996,2,8,81,10,1,14,76,9
15-20,3,37.323296,31.551652,0.384776,1.92388,29.242995,5.7716439999999984,0.384776,1.92388,29.242995,5.7716439999999984,1,5,78,15,1,5,78,15
20-30,4,44.826429,41.363444,1.154328,1.539104,38.670009,3.462984999999996,1.154328,1.539104,38.670009,3.462984999999996,3,3,86,8,3,3,86,8
30+,15,166.800447,92.731033,4.232536,2.88582,85.612677,74.069414,4.232536,2.88582,85.612677,74.069414,3,2,51,44,3,2,51,44
